mental_state,model,n_trials,n_correct,accuracy
Afraid,claude-opus-4-5,6,3,0.5
Afraid,gemini-3-flash,18,11,0.6111111111111112
Afraid,gpt-5,6,4,0.6666666666666666
Afraid,gpt-5-mini,6,2,0.3333333333333333
Afraid Low Intensity,claude-opus-4-5,6,6,1.0
Afraid Low Intensity,gemini-3-flash,18,11,0.6111111111111112
Afraid Low Intensity,gpt-5,6,5,0.8333333333333334
Afraid Low Intensity,gpt-5-mini,6,4,0.6666666666666666
Angry,claude-opus-4-5,2,0,0.0
Angry,gemini-3-flash,6,2,0.3333333333333333
Angry,gpt-5,2,0,0.0
Angry,gpt-5-mini,2,2,1.0
Angry Low Intensity,claude-opus-4-5,2,1,0.5
Angry Low Intensity,gemini-3-flash,6,6,1.0
Angry Low Intensity,gpt-5,2,2,1.0
Angry Low Intensity,gpt-5-mini,2,2,1.0
Ashamed,claude-opus-4-5,6,5,0.8333333333333334
Ashamed,gemini-3-flash,18,10,0.5555555555555556
Ashamed,gpt-5,6,5,0.8333333333333334
Ashamed,gpt-5-mini,6,4,0.6666666666666666
Bored,claude-opus-4-5,7,3,0.42857142857142855
Bored,gemini-3-flash,21,18,0.8571428571428571
Bored,gpt-5,7,4,0.5714285714285714
Bored,gpt-5-mini,7,5,0.7142857142857143
Disappointed,claude-opus-4-5,8,6,0.75
Disappointed,gemini-3-flash,24,16,0.6666666666666666
Disappointed,gpt-5,8,5,0.625
Disappointed,gpt-5-mini,8,4,0.5
Disgusted,claude-opus-4-5,5,5,1.0
Disgusted,gemini-3-flash,15,13,0.8666666666666667
Disgusted,gpt-5,5,5,1.0
Disgusted,gpt-5-mini,5,5,1.0
Disgusted Low Intensity,claude-opus-4-5,6,4,0.6666666666666666
Disgusted Low Intensity,gemini-3-flash,18,16,0.8888888888888888
Disgusted Low Intensity,gpt-5,6,5,0.8333333333333334
Disgusted Low Intensity,gpt-5-mini,6,6,1.0
Excited,claude-opus-4-5,6,5,0.8333333333333334
Excited,gemini-3-flash,18,14,0.7777777777777778
Excited,gpt-5,6,5,0.8333333333333334
Excited,gpt-5-mini,6,5,0.8333333333333334
Frustrated,claude-opus-4-5,2,2,1.0
Frustrated,gemini-3-flash,6,2,0.3333333333333333
Frustrated,gpt-5,2,1,0.5
Frustrated,gpt-5-mini,2,0,0.0
Happy,claude-opus-4-5,6,5,0.8333333333333334
Happy,gemini-3-flash,18,15,0.8333333333333334
Happy,gpt-5,6,6,1.0
Happy,gpt-5-mini,6,6,1.0
Happy Low Intensity,claude-opus-4-5,4,4,1.0
Happy Low Intensity,gemini-3-flash,12,7,0.5833333333333334
Happy Low Intensity,gpt-5,4,4,1.0
Happy Low Intensity,gpt-5-mini,4,4,1.0
Hurt,claude-opus-4-5,8,3,0.375
Hurt,gemini-3-flash,24,21,0.875
Hurt,gpt-5,8,5,0.625
Hurt,gpt-5-mini,8,6,0.75
Interested,claude-opus-4-5,2,1,0.5
Interested,gemini-3-flash,6,4,0.6666666666666666
Interested,gpt-5,2,1,0.5
Interested,gpt-5-mini,2,0,0.0
Jealous,claude-opus-4-5,4,3,0.75
Jealous,gemini-3-flash,12,6,0.5
Jealous,gpt-5,4,0,0.0
Jealous,gpt-5-mini,4,0,0.0
Joking,claude-opus-4-5,6,6,1.0
Joking,gemini-3-flash,18,14,0.7777777777777778
Joking,gpt-5,6,4,0.6666666666666666
Joking,gpt-5-mini,6,5,0.8333333333333334
Kind,claude-opus-4-5,2,1,0.5
Kind,gemini-3-flash,6,4,0.6666666666666666
Kind,gpt-5,2,2,1.0
Kind,gpt-5-mini,2,1,0.5
Proud,claude-opus-4-5,2,1,0.5
Proud,gemini-3-flash,6,4,0.6666666666666666
Proud,gpt-5,2,2,1.0
Proud,gpt-5-mini,2,1,0.5
Sad,claude-opus-4-5,2,2,1.0
Sad,gemini-3-flash,6,4,0.6666666666666666
Sad,gpt-5,2,2,1.0
Sad,gpt-5-mini,2,2,1.0
Sad Low Intensity,claude-opus-4-5,2,2,1.0
Sad Low Intensity,gemini-3-flash,6,6,1.0
Sad Low Intensity,gpt-5,2,2,1.0
Sad Low Intensity,gpt-5-mini,2,2,1.0
Sneaky,claude-opus-4-5,4,1,0.25
Sneaky,gemini-3-flash,12,10,0.8333333333333334
Sneaky,gpt-5,4,1,0.25
Sneaky,gpt-5-mini,4,1,0.25
Surprised,claude-opus-4-5,4,4,1.0
Surprised,gemini-3-flash,12,6,0.5
Surprised,gpt-5,4,4,1.0
Surprised,gpt-5-mini,4,2,0.5
Surprised Low Intensity,claude-opus-4-5,4,3,0.75
Surprised Low Intensity,gemini-3-flash,12,9,0.75
Surprised Low Intensity,gpt-5,4,3,0.75
Surprised Low Intensity,gpt-5-mini,4,0,0.0
Unfriendly,claude-opus-4-5,2,0,0.0
Unfriendly,gemini-3-flash,6,2,0.3333333333333333
Unfriendly,gpt-5,2,0,0.0
Unfriendly,gpt-5-mini,2,1,0.5
Worried,claude-opus-4-5,2,2,1.0
Worried,gemini-3-flash,6,6,1.0
Worried,gpt-5,2,2,1.0
Worried,gpt-5-mini,2,2,1.0
absorbed,claude-opus-4-5,3,2,0.6666666666666666
absorbed,gemini-3-flash,9,4,0.4444444444444444
absorbed,gpt-5,3,0,0.0
absorbed,gpt-5-mini,3,1,0.3333333333333333
abused,claude-opus-4-5,3,0,0.0
abused,gemini-3-flash,9,4,0.4444444444444444
abused,gpt-5,3,1,0.3333333333333333
abused,gpt-5-mini,3,0,0.0
accepted,gemini-3-flash,6,1,0.16666666666666666
admiring,claude-opus-4-5,2,1,0.5
admiring,gemini-3-flash,8,8,1.0
admiring,gpt-5,2,1,0.5
admiring,gpt-5-mini,2,1,0.5
adored,claude-opus-4-5,3,3,1.0
adored,gemini-3-flash,9,9,1.0
adored,gpt-5,3,3,1.0
adored,gpt-5-mini,3,2,0.6666666666666666
adoring,claude-opus-4-5,1,0,0.0
adoring,gemini-3-flash,7,6,0.8571428571428571
adoring,gpt-5,1,1,1.0
adoring,gpt-5-mini,1,1,1.0
adventurous,claude-opus-4-5,2,0,0.0
adventurous,gemini-3-flash,8,7,0.875
adventurous,gpt-5,2,1,0.5
adventurous,gpt-5-mini,2,0,0.0
affectionate,claude-opus-4-5,2,1,0.5
affectionate,gemini-3-flash,8,8,1.0
affectionate,gpt-5,2,1,0.5
affectionate,gpt-5-mini,2,1,0.5
affinity,claude-opus-4-5,2,2,1.0
affinity,gemini-3-flash,8,8,1.0
affinity,gpt-5,2,2,1.0
affinity,gpt-5-mini,2,2,1.0
afraid,gemini-3-flash,6,4,0.6666666666666666
aggressive,claude-opus-4-5,1,1,1.0
aggressive,gemini-3-flash,7,7,1.0
aggressive,gpt-5,1,1,1.0
aggressive,gpt-5-mini,1,1,1.0
aggrieved,claude-opus-4-5,1,0,0.0
aggrieved,gemini-3-flash,7,6,0.8571428571428571
aggrieved,gpt-5,1,0,0.0
aggrieved,gpt-5-mini,1,0,0.0
agonising,claude-opus-4-5,3,3,1.0
agonising,gemini-3-flash,14,8,0.5714285714285714
agonising,gpt-5,3,2,0.6666666666666666
agonising,gpt-5-mini,3,1,0.3333333333333333
alert,claude-opus-4-5,1,1,1.0
alert,gemini-3-flash,7,7,1.0
alert,gpt-5,1,1,1.0
alert,gpt-5-mini,1,1,1.0
ambivalent,claude-opus-4-5,2,2,1.0
ambivalent,gemini-3-flash,8,5,0.625
ambivalent,gpt-5,2,2,1.0
ambivalent,gpt-5-mini,2,2,1.0
amused,claude-opus-4-5,2,1,0.5
amused,gemini-3-flash,8,6,0.75
amused,gpt-5,2,2,1.0
amused,gpt-5-mini,2,1,0.5
angry,claude-opus-4-5,1,0,0.0
angry,gemini-3-flash,7,7,1.0
angry,gpt-5,1,1,1.0
angry,gpt-5-mini,1,1,1.0
anguished,claude-opus-4-5,1,1,1.0
anguished,gemini-3-flash,7,6,0.8571428571428571
anguished,gpt-5,1,1,1.0
anguished,gpt-5-mini,1,1,1.0
animosity,claude-opus-4-5,1,0,0.0
animosity,gemini-3-flash,7,7,1.0
animosity,gpt-5,1,1,1.0
animosity,gpt-5-mini,1,1,1.0
annoyed,claude-opus-4-5,2,2,1.0
annoyed,gemini-3-flash,8,7,0.875
annoyed,gpt-5,2,1,0.5
annoyed,gpt-5-mini,2,2,1.0
appalled,claude-opus-4-5,1,0,0.0
appalled,gemini-3-flash,7,7,1.0
appalled,gpt-5,1,0,0.0
appalled,gpt-5-mini,1,0,0.0
appealing,claude-opus-4-5,3,0,0.0
appealing,gemini-3-flash,9,7,0.7777777777777778
appealing,gpt-5,3,2,0.6666666666666666
appealing,gpt-5-mini,3,1,0.3333333333333333
appreciated,gemini-3-flash,6,2,0.3333333333333333
ardor,claude-opus-4-5,6,2,0.3333333333333333
ardor,gemini-3-flash,28,17,0.6071428571428571
ardor,gpt-5,6,2,0.3333333333333333
ardor,gpt-5-mini,6,1,0.16666666666666666
argumentative,claude-opus-4-5,1,0,0.0
argumentative,gemini-3-flash,7,4,0.5714285714285714
argumentative,gpt-5,1,0,0.0
argumentative,gpt-5-mini,1,0,0.0
aroused,claude-opus-4-5,1,0,0.0
aroused,gemini-3-flash,7,1,0.14285714285714285
aroused,gpt-5,1,1,1.0
aroused,gpt-5-mini,1,0,0.0
arrogant,claude-opus-4-5,1,0,0.0
arrogant,gemini-3-flash,7,5,0.7142857142857143
arrogant,gpt-5,1,1,1.0
arrogant,gpt-5-mini,1,1,1.0
ashamed,claude-opus-4-5,1,0,0.0
ashamed,gemini-3-flash,7,7,1.0
ashamed,gpt-5,1,1,1.0
ashamed,gpt-5-mini,1,1,1.0
asking,claude-opus-4-5,1,1,1.0
asking,gemini-3-flash,7,6,0.8571428571428571
asking,gpt-5,1,0,0.0
asking,gpt-5-mini,1,1,1.0
assertive,claude-opus-4-5,3,1,0.3333333333333333
assertive,gemini-3-flash,9,7,0.7777777777777778
assertive,gpt-5,3,1,0.3333333333333333
assertive,gpt-5-mini,3,1,0.3333333333333333
attacked,claude-opus-4-5,2,2,1.0
attacked,gemini-3-flash,8,8,1.0
attacked,gpt-5,2,1,0.5
attacked,gpt-5-mini,2,1,0.5
attracted,claude-opus-4-5,2,1,0.5
attracted,gemini-3-flash,8,8,1.0
attracted,gpt-5,2,2,1.0
attracted,gpt-5-mini,2,2,1.0
attractive,claude-opus-4-5,2,0,0.0
attractive,gemini-3-flash,8,1,0.125
attractive,gpt-5,2,0,0.0
attractive,gpt-5-mini,2,0,0.0
awed,claude-opus-4-5,2,1,0.5
awed,gemini-3-flash,8,8,1.0
awed,gpt-5,2,2,1.0
awed,gpt-5-mini,2,2,1.0
baffled,claude-opus-4-5,3,3,1.0
baffled,gemini-3-flash,9,9,1.0
baffled,gpt-5,3,3,1.0
baffled,gpt-5-mini,3,3,1.0
battered,claude-opus-4-5,2,0,0.0
battered,gemini-3-flash,8,7,0.875
battered,gpt-5,2,0,0.0
battered,gpt-5-mini,2,0,0.0
begging,claude-opus-4-5,3,0,0.0
begging,gemini-3-flash,9,9,1.0
begging,gpt-5,3,2,0.6666666666666666
begging,gpt-5-mini,3,3,1.0
believing,claude-opus-4-5,2,1,0.5
believing,gemini-3-flash,7,6,0.8571428571428571
believing,gpt-5,2,2,1.0
believing,gpt-5-mini,2,1,0.5
belittled,claude-opus-4-5,3,1,0.3333333333333333
belittled,gemini-3-flash,9,2,0.2222222222222222
belittled,gpt-5,3,2,0.6666666666666666
belittled,gpt-5-mini,3,1,0.3333333333333333
belittling,claude-opus-4-5,2,1,0.5
belittling,gemini-3-flash,8,6,0.75
belittling,gpt-5,2,1,0.5
belittling,gpt-5-mini,2,1,0.5
bemused,claude-opus-4-5,2,0,0.0
bemused,gemini-3-flash,8,3,0.375
bemused,gpt-5,2,0,0.0
bemused,gpt-5-mini,2,2,1.0
betrayed,claude-opus-4-5,3,0,0.0
betrayed,gemini-3-flash,9,8,0.8888888888888888
betrayed,gpt-5,3,1,0.3333333333333333
betrayed,gpt-5-mini,3,1,0.3333333333333333
bewildered,claude-opus-4-5,2,2,1.0
bewildered,gemini-3-flash,8,7,0.875
bewildered,gpt-5,2,2,1.0
bewildered,gpt-5-mini,2,1,0.5
bewitched,claude-opus-4-5,1,0,0.0
bewitched,gemini-3-flash,7,4,0.5714285714285714
bewitched,gpt-5,1,0,0.0
bewitched,gpt-5-mini,1,0,0.0
bitter,claude-opus-4-5,2,1,0.5
bitter,gemini-3-flash,8,7,0.875
bitter,gpt-5,2,0,0.0
bitter,gpt-5-mini,2,0,0.0
blamed,claude-opus-4-5,2,1,0.5
blamed,gemini-3-flash,8,6,0.75
blamed,gpt-5,2,0,0.0
blamed,gpt-5-mini,2,0,0.0
blaming,claude-opus-4-5,1,1,1.0
blaming,gemini-3-flash,7,6,0.8571428571428571
blaming,gpt-5,1,0,0.0
blaming,gpt-5-mini,1,0,0.0
blank,claude-opus-4-5,2,1,0.5
blank,gemini-3-flash,8,6,0.75
blank,gpt-5,2,2,1.0
blank,gpt-5-mini,2,2,1.0
bored,gemini-3-flash,6,5,0.8333333333333334
bossy,gemini-3-flash,6,6,1.0
bothered,claude-opus-4-5,1,1,1.0
bothered,gemini-3-flash,7,6,0.8571428571428571
bothered,gpt-5,1,0,0.0
bothered,gpt-5-mini,1,1,1.0
brazen,gemini-3-flash,6,4,0.6666666666666666
broken,claude-opus-4-5,1,0,0.0
broken,gemini-3-flash,7,5,0.7142857142857143
broken,gpt-5,1,1,1.0
broken,gpt-5-mini,1,1,1.0
brooding,claude-opus-4-5,1,0,0.0
brooding,gemini-3-flash,7,3,0.42857142857142855
brooding,gpt-5,1,0,0.0
brooding,gpt-5-mini,1,0,0.0
bullied,claude-opus-4-5,1,0,0.0
bullied,gemini-3-flash,7,3,0.42857142857142855
bullied,gpt-5,1,0,0.0
bullied,gpt-5-mini,1,0,0.0
bullying,gemini-3-flash,6,5,0.8333333333333334
calculating,claude-opus-4-5,5,4,0.8
calculating,gemini-3-flash,17,11,0.6470588235294118
calculating,gpt-5,5,3,0.6
calculating,gpt-5-mini,5,3,0.6
calm,claude-opus-4-5,1,0,0.0
calm,gemini-3-flash,7,6,0.8571428571428571
calm,gpt-5,1,1,1.0
calm,gpt-5-mini,1,1,1.0
calming,claude-opus-4-5,2,0,0.0
calming,gemini-3-flash,8,5,0.625
calming,gpt-5,2,0,0.0
calming,gpt-5-mini,2,1,0.5
carefree,claude-opus-4-5,2,1,0.5
carefree,gemini-3-flash,8,5,0.625
carefree,gpt-5,2,2,1.0
carefree,gpt-5-mini,2,1,0.5
caring,gemini-3-flash,6,6,1.0
casual,claude-opus-4-5,2,1,0.5
casual,gemini-3-flash,8,5,0.625
casual,gpt-5,2,2,1.0
casual,gpt-5-mini,2,2,1.0
cautious,claude-opus-4-5,2,2,1.0
cautious,gemini-3-flash,8,8,1.0
cautious,gpt-5,2,1,0.5
cautious,gpt-5-mini,2,1,0.5
cheated,claude-opus-4-5,1,0,0.0
cheated,gemini-3-flash,6,2,0.3333333333333333
cheated,gpt-5,1,1,1.0
cheated,gpt-5-mini,1,1,1.0
cheeky,claude-opus-4-5,2,2,1.0
cheeky,gemini-3-flash,8,8,1.0
cheeky,gpt-5,2,2,1.0
cheeky,gpt-5-mini,2,2,1.0
cheered,claude-opus-4-5,1,0,0.0
cheered,gemini-3-flash,7,5,0.7142857142857143
cheered,gpt-5,1,1,1.0
cheered,gpt-5-mini,1,1,1.0
cheering,claude-opus-4-5,2,1,0.5
cheering,gemini-3-flash,8,8,1.0
cheering,gpt-5,2,2,1.0
cheering,gpt-5-mini,2,2,1.0
cherishing,claude-opus-4-5,1,1,1.0
cherishing,gemini-3-flash,7,7,1.0
cherishing,gpt-5,1,1,1.0
cherishing,gpt-5-mini,1,1,1.0
choosing,claude-opus-4-5,1,0,0.0
choosing,gemini-3-flash,7,4,0.5714285714285714
choosing,gpt-5,1,1,1.0
choosing,gpt-5-mini,1,1,1.0
close,claude-opus-4-5,2,0,0.0
close,gemini-3-flash,8,6,0.75
close,gpt-5,2,0,0.0
close,gpt-5-mini,2,1,0.5
clueless,claude-opus-4-5,2,1,0.5
clueless,gemini-3-flash,8,5,0.625
clueless,gpt-5,2,1,0.5
clueless,gpt-5-mini,2,2,1.0
cocky,gemini-3-flash,6,5,0.8333333333333334
cold,claude-opus-4-5,2,1,0.5
cold,gemini-3-flash,8,4,0.5
cold,gpt-5,2,0,0.0
cold,gpt-5-mini,2,0,0.0
comfortable,claude-opus-4-5,2,2,1.0
comfortable,gemini-3-flash,8,6,0.75
comfortable,gpt-5,2,1,0.5
comfortable,gpt-5-mini,2,2,1.0
comforted,claude-opus-4-5,1,1,1.0
comforted,gemini-3-flash,7,4,0.5714285714285714
comforted,gpt-5,1,0,0.0
comforted,gpt-5-mini,1,1,1.0
comforting,claude-opus-4-5,1,1,1.0
comforting,gemini-3-flash,7,3,0.42857142857142855
comforting,gpt-5,1,0,0.0
comforting,gpt-5-mini,1,0,0.0
committed,claude-opus-4-5,1,0,0.0
committed,gemini-3-flash,7,6,0.8571428571428571
committed,gpt-5,1,0,0.0
committed,gpt-5-mini,1,0,0.0
compelled,claude-opus-4-5,1,0,0.0
compelled,gemini-3-flash,7,3,0.42857142857142855
compelled,gpt-5,1,0,0.0
compelled,gpt-5-mini,1,0,0.0
competitive,claude-opus-4-5,1,0,0.0
competitive,gemini-3-flash,7,2,0.2857142857142857
competitive,gpt-5,1,0,0.0
competitive,gpt-5-mini,1,0,0.0
complacent,claude-opus-4-5,2,1,0.5
complacent,gemini-3-flash,8,6,0.75
complacent,gpt-5,2,2,1.0
complacent,gpt-5-mini,2,1,0.5
complaining,claude-opus-4-5,2,2,1.0
complaining,gemini-3-flash,8,5,0.625
complaining,gpt-5,2,1,0.5
complaining,gpt-5-mini,2,1,0.5
composed,claude-opus-4-5,2,1,0.5
composed,gemini-3-flash,8,7,0.875
composed,gpt-5,2,1,0.5
composed,gpt-5-mini,2,1,0.5
comprehending,claude-opus-4-5,1,1,1.0
comprehending,gemini-3-flash,7,5,0.7142857142857143
comprehending,gpt-5,1,1,1.0
comprehending,gpt-5-mini,1,1,1.0
concealing,gemini-3-flash,4,3,0.75
concentrating,claude-opus-4-5,2,2,1.0
concentrating,gemini-3-flash,7,7,1.0
concentrating,gpt-5,2,2,1.0
concentrating,gpt-5-mini,2,2,1.0
concerned,claude-opus-4-5,1,1,1.0
concerned,gemini-3-flash,7,5,0.7142857142857143
concerned,gpt-5,1,1,1.0
concerned,gpt-5-mini,1,1,1.0
condemned,claude-opus-4-5,1,0,0.0
condemned,gemini-3-flash,7,4,0.5714285714285714
condemned,gpt-5,1,0,0.0
condemned,gpt-5-mini,1,0,0.0
condemning,claude-opus-4-5,1,1,1.0
condemning,gemini-3-flash,7,7,1.0
condemning,gpt-5,1,1,1.0
condemning,gpt-5-mini,1,1,1.0
condescending,claude-opus-4-5,1,0,0.0
condescending,gemini-3-flash,7,6,0.8571428571428571
condescending,gpt-5,1,0,0.0
condescending,gpt-5-mini,1,0,0.0
confronted,claude-opus-4-5,1,1,1.0
confronted,gemini-3-flash,7,7,1.0
confronted,gpt-5,1,1,1.0
confronted,gpt-5-mini,1,0,0.0
confused,claude-opus-4-5,1,1,1.0
confused,gemini-3-flash,7,1,0.14285714285714285
confused,gpt-5,1,1,1.0
confused,gpt-5-mini,1,1,1.0
congratulatory,claude-opus-4-5,1,1,1.0
congratulatory,gemini-3-flash,6,5,0.8333333333333334
congratulatory,gpt-5,1,0,0.0
congratulatory,gpt-5-mini,1,0,0.0
consternation,claude-opus-4-5,2,2,1.0
consternation,gemini-3-flash,8,8,1.0
consternation,gpt-5,2,2,1.0
consternation,gpt-5-mini,2,2,1.0
contemptuous,claude-opus-4-5,2,1,0.5
contemptuous,gemini-3-flash,8,7,0.875
contemptuous,gpt-5,2,1,0.5
contemptuous,gpt-5-mini,2,1,0.5
content,claude-opus-4-5,2,2,1.0
content,gemini-3-flash,8,8,1.0
content,gpt-5,2,2,1.0
content,gpt-5-mini,2,2,1.0
contradicted,claude-opus-4-5,1,1,1.0
contradicted,gemini-3-flash,7,4,0.5714285714285714
contradicted,gpt-5,1,1,1.0
contradicted,gpt-5-mini,1,1,1.0
contradictory,claude-opus-4-5,1,0,0.0
contradictory,gemini-3-flash,7,5,0.7142857142857143
contradictory,gpt-5,1,0,0.0
contradictory,gpt-5-mini,1,0,0.0
contrary,claude-opus-4-5,1,0,0.0
contrary,gemini-3-flash,7,4,0.5714285714285714
contrary,gpt-5,1,0,0.0
contrary,gpt-5-mini,1,0,0.0
convinced,claude-opus-4-5,1,1,1.0
convinced,gemini-3-flash,7,4,0.5714285714285714
convinced,gpt-5,1,0,0.0
convinced,gpt-5-mini,1,0,0.0
corrected,claude-opus-4-5,1,1,1.0
corrected,gemini-3-flash,7,4,0.5714285714285714
corrected,gpt-5,1,1,1.0
corrected,gpt-5-mini,1,1,1.0
cowardly,claude-opus-4-5,2,0,0.0
cowardly,gemini-3-flash,8,4,0.5
cowardly,gpt-5,2,1,0.5
cowardly,gpt-5-mini,2,0,0.0
cowed,claude-opus-4-5,3,1,0.3333333333333333
cowed,gemini-3-flash,9,6,0.6666666666666666
cowed,gpt-5,3,2,0.6666666666666666
cowed,gpt-5-mini,3,3,1.0
criticised,claude-opus-4-5,3,1,0.3333333333333333
criticised,gemini-3-flash,15,12,0.8
criticised,gpt-5,3,0,0.0
criticised,gpt-5-mini,3,0,0.0
cruel,gemini-3-flash,6,4,0.6666666666666666
curious,claude-opus-4-5,1,0,0.0
curious,gemini-3-flash,7,6,0.8571428571428571
curious,gpt-5,1,1,1.0
curious,gpt-5-mini,1,1,1.0
cynical,claude-opus-4-5,1,1,1.0
cynical,gemini-3-flash,7,7,1.0
cynical,gpt-5,1,1,1.0
cynical,gpt-5-mini,1,1,1.0
daunted,claude-opus-4-5,3,2,0.6666666666666666
daunted,gemini-3-flash,9,8,0.8888888888888888
daunted,gpt-5,3,2,0.6666666666666666
daunted,gpt-5-mini,3,2,0.6666666666666666
dazed,claude-opus-4-5,2,0,0.0
dazed,gemini-3-flash,8,6,0.75
dazed,gpt-5,2,1,0.5
dazed,gpt-5-mini,2,0,0.0
deceitful,claude-opus-4-5,1,1,1.0
deceitful,gemini-3-flash,7,7,1.0
deceitful,gpt-5,1,1,1.0
deceitful,gpt-5-mini,1,0,0.0
decided,gemini-3-flash,6,6,1.0
deferential,claude-opus-4-5,1,1,1.0
deferential,gemini-3-flash,7,5,0.7142857142857143
deferential,gpt-5,1,0,0.0
deferential,gpt-5-mini,1,0,0.0
defiant,claude-opus-4-5,2,0,0.0
defiant,gemini-3-flash,8,6,0.75
defiant,gpt-5,1,1,1.0
defiant,gpt-5-mini,2,1,0.5
deflated,claude-opus-4-5,1,1,1.0
deflated,gemini-3-flash,7,7,1.0
deflated,gpt-5,1,1,1.0
deflated,gpt-5-mini,1,1,1.0
delighted,claude-opus-4-5,2,2,1.0
delighted,gemini-3-flash,8,8,1.0
delighted,gpt-5,2,2,1.0
delighted,gpt-5-mini,2,2,1.0
demanding,claude-opus-4-5,2,1,0.5
demanding,gemini-3-flash,8,7,0.875
demanding,gpt-5,2,1,0.5
demanding,gpt-5-mini,2,1,0.5
demoralised,claude-opus-4-5,2,2,1.0
demoralised,gemini-3-flash,14,14,1.0
demoralised,gpt-5,2,2,1.0
demoralised,gpt-5-mini,2,1,0.5
deserted,claude-opus-4-5,1,0,0.0
deserted,gemini-3-flash,7,4,0.5714285714285714
deserted,gpt-5,1,0,0.0
deserted,gpt-5-mini,1,0,0.0
despairing,claude-opus-4-5,2,2,1.0
despairing,gemini-3-flash,8,7,0.875
despairing,gpt-5,2,1,0.5
despairing,gpt-5-mini,2,2,1.0
desperate,claude-opus-4-5,2,2,1.0
desperate,gemini-3-flash,8,8,1.0
desperate,gpt-5,2,2,1.0
desperate,gpt-5-mini,2,2,1.0
despising,claude-opus-4-5,2,2,1.0
despising,gemini-3-flash,8,8,1.0
despising,gpt-5,2,2,1.0
despising,gpt-5-mini,2,2,1.0
determined,claude-opus-4-5,1,0,0.0
determined,gemini-3-flash,7,6,0.8571428571428571
determined,gpt-5,1,0,0.0
determined,gpt-5-mini,1,0,0.0
detesting,claude-opus-4-5,2,2,1.0
detesting,gemini-3-flash,8,8,1.0
detesting,gpt-5,2,2,1.0
detesting,gpt-5-mini,2,2,1.0
devastated,gemini-3-flash,6,6,1.0
devoted,gemini-3-flash,6,6,1.0
difficult,claude-opus-4-5,1,0,0.0
difficult,gemini-3-flash,7,4,0.5714285714285714
difficult,gpt-5,1,0,0.0
difficult,gpt-5-mini,1,0,0.0
disappointed,gemini-3-flash,6,6,1.0
disapproving,claude-opus-4-5,2,0,0.0
disapproving,gemini-3-flash,8,7,0.875
disapproving,gpt-5,2,1,0.5
disapproving,gpt-5-mini,2,1,0.5
disbelieved,claude-opus-4-5,2,2,1.0
disbelieved,gemini-3-flash,8,4,0.5
disbelieved,gpt-5,2,1,0.5
disbelieved,gpt-5-mini,2,2,1.0
disbelieving,claude-opus-4-5,1,0,0.0
disbelieving,gemini-3-flash,7,5,0.7142857142857143
disbelieving,gpt-5,1,1,1.0
disbelieving,gpt-5-mini,1,0,0.0
discomforted,claude-opus-4-5,1,1,1.0
discomforted,gemini-3-flash,7,4,0.5714285714285714
discomforted,gpt-5,1,0,0.0
discomforted,gpt-5-mini,1,1,1.0
discontented,claude-opus-4-5,2,0,0.0
discontented,gemini-3-flash,8,6,0.75
discontented,gpt-5,2,2,1.0
discontented,gpt-5-mini,2,0,0.0
discouraged,claude-opus-4-5,1,1,1.0
discouraged,gemini-3-flash,7,7,1.0
discouraged,gpt-5,1,1,1.0
discouraged,gpt-5-mini,1,1,1.0
discouraging,claude-opus-4-5,2,1,0.5
discouraging,gemini-3-flash,8,6,0.75
discouraging,gpt-5,2,1,0.5
discouraging,gpt-5-mini,2,0,0.0
discredited,claude-opus-4-5,1,0,0.0
discredited,gemini-3-flash,6,1,0.16666666666666666
discredited,gpt-5,1,0,0.0
discredited,gpt-5-mini,1,0,0.0
disgusted,claude-opus-4-5,1,1,1.0
disgusted,gemini-3-flash,7,5,0.7142857142857143
disgusted,gpt-5,1,1,1.0
disgusted,gpt-5-mini,1,1,1.0
disillusioned,claude-opus-4-5,2,1,0.5
disillusioned,gemini-3-flash,8,6,0.75
disillusioned,gpt-5,2,1,0.5
disillusioned,gpt-5-mini,2,2,1.0
disinclined,claude-opus-4-5,2,1,0.5
disinclined,gemini-3-flash,8,7,0.875
disinclined,gpt-5,2,2,1.0
disinclined,gpt-5-mini,2,2,1.0
disliked,claude-opus-4-5,2,1,0.5
disliked,gemini-3-flash,8,3,0.375
disliked,gpt-5,2,0,0.0
disliked,gpt-5-mini,2,1,0.5
disliking,gemini-3-flash,6,6,1.0
dismayed,claude-opus-4-5,1,1,1.0
dismayed,gemini-3-flash,7,6,0.8571428571428571
dismayed,gpt-5,1,0,0.0
dismayed,gpt-5-mini,1,0,0.0
disorientated,claude-opus-4-5,1,0,0.0
disorientated,gemini-3-flash,6,5,0.8333333333333334
disorientated,gpt-5,1,0,0.0
disorientated,gpt-5-mini,1,0,0.0
displeased,gemini-3-flash,6,4,0.6666666666666666
disrespected,claude-opus-4-5,2,1,0.5
disrespected,gemini-3-flash,8,5,0.625
disrespected,gpt-5,2,0,0.0
disrespected,gpt-5-mini,2,0,0.0
disrespectful,claude-opus-4-5,2,0,0.0
disrespectful,gemini-3-flash,8,4,0.5
disrespectful,gpt-5,2,1,0.5
disrespectful,gpt-5-mini,2,0,0.0
distant,claude-opus-4-5,1,0,0.0
distant,gemini-3-flash,7,5,0.7142857142857143
distant,gpt-5,1,0,0.0
distant,gpt-5-mini,1,1,1.0
distaste,claude-opus-4-5,2,1,0.5
distaste,gemini-3-flash,8,5,0.625
distaste,gpt-5,2,2,1.0
distaste,gpt-5-mini,2,1,0.5
distracted,claude-opus-4-5,2,1,0.5
distracted,gemini-3-flash,8,4,0.5
distracted,gpt-5,2,0,0.0
distracted,gpt-5-mini,2,1,0.5
distraught,gemini-3-flash,6,6,1.0
disturbed,claude-opus-4-5,2,2,1.0
disturbed,gemini-3-flash,8,6,0.75
disturbed,gpt-5,2,2,1.0
disturbed,gpt-5-mini,2,2,1.0
doubtful,claude-opus-4-5,2,2,1.0
doubtful,gemini-3-flash,8,8,1.0
doubtful,gpt-5,2,2,1.0
doubtful,gpt-5-mini,2,2,1.0
downtrodden,claude-opus-4-5,2,2,1.0
downtrodden,gemini-3-flash,8,8,1.0
downtrodden,gpt-5,2,2,1.0
downtrodden,gpt-5-mini,2,2,1.0
dreading,claude-opus-4-5,1,1,1.0
dreading,gemini-3-flash,7,4,0.5714285714285714
dreading,gpt-5,1,1,1.0
dreading,gpt-5-mini,1,0,0.0
dreamy,claude-opus-4-5,2,2,1.0
dreamy,gemini-3-flash,8,8,1.0
dreamy,gpt-5,2,2,1.0
dreamy,gpt-5-mini,2,2,1.0
easy-going,claude-opus-4-5,2,2,1.0
easy-going,gemini-3-flash,8,8,1.0
easy-going,gpt-5,2,2,1.0
easy-going,gpt-5-mini,2,2,1.0
embarrassed,claude-opus-4-5,2,1,0.5
embarrassed,gemini-3-flash,8,6,0.75
embarrassed,gpt-5,2,2,1.0
embarrassed,gpt-5-mini,2,1,0.5
empathic,claude-opus-4-5,1,1,1.0
empathic,gemini-3-flash,7,7,1.0
empathic,gpt-5,1,1,1.0
empathic,gpt-5-mini,1,0,0.0
empty,gemini-3-flash,6,5,0.8333333333333334
encouraging,claude-opus-4-5,2,2,1.0
encouraging,gemini-3-flash,8,6,0.75
encouraging,gpt-5,2,1,0.5
encouraging,gpt-5-mini,2,2,1.0
enjoying,claude-opus-4-5,1,1,1.0
enjoying,gemini-3-flash,7,6,0.8571428571428571
enjoying,gpt-5,1,1,1.0
enjoying,gpt-5-mini,1,1,1.0
enthusiastic,gemini-3-flash,6,6,1.0
enticed,claude-opus-4-5,1,1,1.0
enticed,gemini-3-flash,7,7,1.0
enticed,gpt-5,1,1,1.0
enticed,gpt-5-mini,1,0,0.0
entrancing,claude-opus-4-5,1,0,0.0
entrancing,gemini-3-flash,7,6,0.8571428571428571
entrancing,gpt-5,1,0,0.0
entrancing,gpt-5-mini,1,1,1.0
exasperated,gemini-3-flash,6,6,1.0
excited,claude-opus-4-5,1,1,1.0
excited,gemini-3-flash,7,7,1.0
excited,gpt-5,1,1,1.0
excited,gpt-5-mini,1,1,1.0
exhilarated,claude-opus-4-5,1,1,1.0
exhilarated,gemini-3-flash,7,7,1.0
exhilarated,gpt-5,1,1,1.0
exhilarated,gpt-5-mini,1,1,1.0
exonerated,claude-opus-4-5,2,1,0.5
exonerated,gemini-3-flash,8,6,0.75
exonerated,gpt-5,2,1,0.5
exonerated,gpt-5-mini,2,1,0.5
expectant,claude-opus-4-5,1,1,1.0
expectant,gemini-3-flash,7,7,1.0
expectant,gpt-5,1,1,1.0
expectant,gpt-5-mini,1,1,1.0
exploited,gemini-3-flash,6,3,0.5
explosive,claude-opus-4-5,1,0,0.0
explosive,gemini-3-flash,7,6,0.8571428571428571
explosive,gpt-5,1,0,0.0
explosive,gpt-5-mini,1,0,0.0
fantasising,claude-opus-4-5,5,4,0.8
fantasising,gemini-3-flash,17,16,0.9411764705882353
fantasising,gpt-5,5,2,0.4
fantasising,gpt-5-mini,5,4,0.8
fascinated,claude-opus-4-5,1,0,0.0
fascinated,gemini-3-flash,7,6,0.8571428571428571
fascinated,gpt-5,1,1,1.0
fascinated,gpt-5-mini,1,0,0.0
fawning,claude-opus-4-5,2,0,0.0
fawning,gemini-3-flash,8,4,0.5
fawning,gpt-5,2,1,0.5
fawning,gpt-5-mini,2,0,0.0
fine,gemini-3-flash,6,5,0.8333333333333334
flattered,claude-opus-4-5,1,1,1.0
flattered,gemini-3-flash,7,6,0.8571428571428571
flattered,gpt-5,1,1,1.0
flattered,gpt-5-mini,1,1,1.0
flattering,claude-opus-4-5,2,1,0.5
flattering,gemini-3-flash,8,5,0.625
flattering,gpt-5,2,0,0.0
flattering,gpt-5-mini,2,0,0.0
flirtatious,claude-opus-4-5,1,1,1.0
flirtatious,gemini-3-flash,7,7,1.0
flirtatious,gpt-5,1,1,1.0
flirtatious,gpt-5-mini,1,1,1.0
flustered,claude-opus-4-5,2,0,0.0
flustered,gemini-3-flash,8,5,0.625
flustered,gpt-5,2,0,0.0
flustered,gpt-5-mini,2,1,0.5
fond,claude-opus-4-5,3,2,0.6666666666666666
fond,gemini-3-flash,9,8,0.8888888888888888
fond,gpt-5,3,3,1.0
fond,gpt-5-mini,3,3,1.0
forgiven,claude-opus-4-5,1,0,0.0
forgiven,gemini-3-flash,7,0,0.0
forgiven,gpt-5,1,0,0.0
forgiven,gpt-5-mini,1,0,0.0
forgiving,claude-opus-4-5,2,0,0.0
forgiving,gemini-3-flash,8,6,0.75
forgiving,gpt-5,2,0,0.0
forgiving,gpt-5-mini,2,0,0.0
frantic,claude-opus-4-5,1,1,1.0
frantic,gemini-3-flash,7,7,1.0
frantic,gpt-5,1,1,1.0
frantic,gpt-5-mini,1,1,1.0
friendly,claude-opus-4-5,1,1,1.0
friendly,gemini-3-flash,7,7,1.0
friendly,gpt-5,1,1,1.0
friendly,gpt-5-mini,1,1,1.0
frustrated,claude-opus-4-5,1,0,0.0
frustrated,gemini-3-flash,7,6,0.8571428571428571
frustrated,gpt-5,1,1,1.0
frustrated,gpt-5-mini,1,1,1.0
furious,claude-opus-4-5,1,1,1.0
furious,gemini-3-flash,7,7,1.0
furious,gpt-5,1,1,1.0
furious,gpt-5-mini,1,1,1.0
giving,claude-opus-4-5,3,0,0.0
giving,gemini-3-flash,9,5,0.5555555555555556
giving,gpt-5,3,0,0.0
giving,gpt-5-mini,3,0,0.0
glad,claude-opus-4-5,2,2,1.0
glad,gemini-3-flash,8,4,0.5
glad,gpt-5,2,2,1.0
glad,gpt-5-mini,2,2,1.0
gleeful,claude-opus-4-5,2,1,0.5
gleeful,gemini-3-flash,8,5,0.625
gleeful,gpt-5,2,1,0.5
gleeful,gpt-5-mini,2,1,0.5
gloomy,claude-opus-4-5,2,2,1.0
gloomy,gemini-3-flash,8,8,1.0
gloomy,gpt-5,2,2,1.0
gloomy,gpt-5-mini,2,2,1.0
grateful,claude-opus-4-5,2,1,0.5
grateful,gemini-3-flash,8,7,0.875
grateful,gpt-5,2,1,0.5
grateful,gpt-5-mini,2,1,0.5
grave,claude-opus-4-5,1,1,1.0
grave,gemini-3-flash,7,7,1.0
grave,gpt-5,1,1,1.0
grave,gpt-5-mini,1,0,0.0
greedy,claude-opus-4-5,1,0,0.0
greedy,gemini-3-flash,7,4,0.5714285714285714
greedy,gpt-5,1,0,0.0
greedy,gpt-5-mini,1,0,0.0
grieving,claude-opus-4-5,2,2,1.0
grieving,gemini-3-flash,8,8,1.0
grieving,gpt-5,2,2,1.0
grieving,gpt-5-mini,2,2,1.0
grumpy,claude-opus-4-5,1,1,1.0
grumpy,gemini-3-flash,7,7,1.0
grumpy,gpt-5,1,1,1.0
grumpy,gpt-5-mini,1,1,1.0
guarded,claude-opus-4-5,2,1,0.5
guarded,gemini-3-flash,8,4,0.5
guarded,gpt-5,2,2,1.0
guarded,gpt-5-mini,2,1,0.5
guilty,claude-opus-4-5,2,2,1.0
guilty,gemini-3-flash,8,6,0.75
guilty,gpt-5,2,2,1.0
guilty,gpt-5-mini,2,1,0.5
happy,claude-opus-4-5,3,3,1.0
happy,gemini-3-flash,9,6,0.6666666666666666
happy,gpt-5,3,3,1.0
happy,gpt-5-mini,3,3,1.0
hated,claude-opus-4-5,1,0,0.0
hated,gemini-3-flash,7,3,0.42857142857142855
hated,gpt-5,1,0,0.0
hated,gpt-5-mini,1,0,0.0
hateful,claude-opus-4-5,2,2,1.0
hateful,gemini-3-flash,8,8,1.0
hateful,gpt-5,2,2,1.0
hateful,gpt-5-mini,2,2,1.0
haughty,claude-opus-4-5,1,0,0.0
haughty,gemini-3-flash,7,6,0.8571428571428571
haughty,gpt-5,1,1,1.0
haughty,gpt-5-mini,1,1,1.0
heartache,claude-opus-4-5,1,1,1.0
heartache,gemini-3-flash,7,7,1.0
heartache,gpt-5,1,1,1.0
heartache,gpt-5-mini,1,1,1.0
heartbroken,claude-opus-4-5,2,0,0.0
heartbroken,gemini-3-flash,8,8,1.0
heartbroken,gpt-5,2,2,1.0
heartbroken,gpt-5-mini,2,1,0.5
heated,claude-opus-4-5,2,0,0.0
heated,gemini-3-flash,8,7,0.875
heated,gpt-5,2,1,0.5
heated,gpt-5-mini,2,1,0.5
helpful,claude-opus-4-5,2,0,0.0
helpful,gemini-3-flash,8,5,0.625
helpful,gpt-5,2,0,0.0
helpful,gpt-5-mini,2,0,0.0
hesitant,claude-opus-4-5,1,1,1.0
hesitant,gemini-3-flash,7,6,0.8571428571428571
hesitant,gpt-5,1,1,1.0
hesitant,gpt-5-mini,1,1,1.0
homesick,claude-opus-4-5,3,3,1.0
homesick,gemini-3-flash,9,7,0.7777777777777778
homesick,gpt-5,3,1,0.3333333333333333
homesick,gpt-5-mini,3,2,0.6666666666666666
honest,gemini-3-flash,5,3,0.6
hopeful,claude-opus-4-5,1,1,1.0
hopeful,gemini-3-flash,6,4,0.6666666666666666
hopeful,gpt-5,1,1,1.0
hopeful,gpt-5-mini,1,1,1.0
horrified,claude-opus-4-5,1,1,1.0
horrified,gemini-3-flash,7,3,0.42857142857142855
horrified,gpt-5,1,0,0.0
horrified,gpt-5-mini,1,0,0.0
hostile,claude-opus-4-5,1,1,1.0
hostile,gemini-3-flash,7,7,1.0
hostile,gpt-5,1,1,1.0
hostile,gpt-5-mini,1,1,1.0
humble,claude-opus-4-5,1,0,0.0
humble,gemini-3-flash,7,4,0.5714285714285714
humble,gpt-5,1,0,0.0
humble,gpt-5-mini,1,0,0.0
humiliated,claude-opus-4-5,1,0,0.0
humiliated,gemini-3-flash,7,2,0.2857142857142857
humiliated,gpt-5-mini,1,1,1.0
humiliating,claude-opus-4-5,3,0,0.0
humiliating,gemini-3-flash,9,2,0.2222222222222222
humiliating,gpt-5,3,1,0.3333333333333333
humiliating,gpt-5-mini,3,1,0.3333333333333333
humoring,claude-opus-4-5,3,1,0.3333333333333333
humoring,gemini-3-flash,15,10,0.6666666666666666
humoring,gpt-5,3,2,0.6666666666666666
humoring,gpt-5-mini,3,3,1.0
hurt,claude-opus-4-5,1,0,0.0
hurt,gemini-3-flash,7,5,0.7142857142857143
hurt,gpt-5,1,0,0.0
hurt,gpt-5-mini,1,1,1.0
hysterical,claude-opus-4-5,2,2,1.0
hysterical,gemini-3-flash,12,10,0.8333333333333334
hysterical,gpt-5,2,2,1.0
hysterical,gpt-5-mini,2,2,1.0
ignored,claude-opus-4-5,1,0,0.0
ignored,gemini-3-flash,7,3,0.42857142857142855
ignored,gpt-5,1,0,0.0
ignored,gpt-5-mini,1,0,0.0
ignoring,claude-opus-4-5,1,1,1.0
ignoring,gemini-3-flash,7,2,0.2857142857142857
ignoring,gpt-5,1,1,1.0
ignoring,gpt-5-mini,1,1,1.0
impatient,gemini-3-flash,5,5,1.0
impressed,claude-opus-4-5,2,2,1.0
impressed,gemini-3-flash,8,7,0.875
impressed,gpt-5,2,2,1.0
impressed,gpt-5-mini,2,1,0.5
inadequate,claude-opus-4-5,2,2,1.0
inadequate,gemini-3-flash,8,7,0.875
inadequate,gpt-5,2,2,1.0
inadequate,gpt-5-mini,2,2,1.0
inattentive,claude-opus-4-5,1,1,1.0
inattentive,gemini-3-flash,6,4,0.6666666666666666
inattentive,gpt-5,1,1,1.0
inattentive,gpt-5-mini,1,1,1.0
included,claude-opus-4-5,1,0,0.0
included,gemini-3-flash,7,6,0.8571428571428571
included,gpt-5,1,0,0.0
included,gpt-5-mini,1,0,0.0
incredulous,claude-opus-4-5,2,2,1.0
incredulous,gemini-3-flash,8,8,1.0
incredulous,gpt-5,2,2,1.0
incredulous,gpt-5-mini,2,2,1.0
indifferent,claude-opus-4-5,1,0,0.0
indifferent,gemini-3-flash,7,7,1.0
indifferent,gpt-5,1,1,1.0
indifferent,gpt-5-mini,1,1,1.0
indignant,claude-opus-4-5,2,1,0.5
indignant,gemini-3-flash,8,6,0.75
indignant,gpt-5,2,2,1.0
indignant,gpt-5-mini,2,2,1.0
infuriated,claude-opus-4-5,2,0,0.0
infuriated,gemini-3-flash,8,7,0.875
infuriated,gpt-5,2,1,0.5
infuriated,gpt-5-mini,2,1,0.5
insecure,claude-opus-4-5,1,0,0.0
insecure,gemini-3-flash,7,4,0.5714285714285714
insecure,gpt-5,1,0,0.0
insecure,gpt-5-mini,1,0,0.0
insincere,claude-opus-4-5,1,1,1.0
insincere,gemini-3-flash,7,7,1.0
insincere,gpt-5,1,1,1.0
insincere,gpt-5-mini,1,1,1.0
insouciant,claude-opus-4-5,3,1,0.3333333333333333
insouciant,gemini-3-flash,9,8,0.8888888888888888
insouciant,gpt-5,3,2,0.6666666666666666
insouciant,gpt-5-mini,3,3,1.0
interested,claude-opus-4-5,1,1,1.0
interested,gemini-3-flash,7,6,0.8571428571428571
interested,gpt-5,1,0,0.0
interested,gpt-5-mini,1,1,1.0
intimate,claude-opus-4-5,3,1,0.3333333333333333
intimate,gemini-3-flash,9,9,1.0
intimate,gpt-5,3,2,0.6666666666666666
intimate,gpt-5-mini,3,2,0.6666666666666666
intimidated,claude-opus-4-5,1,0,0.0
intimidated,gemini-3-flash,7,4,0.5714285714285714
intimidated,gpt-5,1,1,1.0
intimidated,gpt-5-mini,1,1,1.0
invigorated,gemini-3-flash,6,6,1.0
jaded,claude-opus-4-5,1,1,1.0
jaded,gemini-3-flash,7,6,0.8571428571428571
jaded,gpt-5,1,1,1.0
jaded,gpt-5-mini,1,1,1.0
jealous,claude-opus-4-5,1,0,0.0
jealous,gemini-3-flash,7,7,1.0
jealous,gpt-5,1,1,1.0
jealous,gpt-5-mini,1,1,1.0
joking,claude-opus-4-5,1,1,1.0
joking,gemini-3-flash,7,6,0.8571428571428571
joking,gpt-5,1,1,1.0
joking,gpt-5-mini,1,1,1.0
jubilant,claude-opus-4-5,1,1,1.0
jubilant,gemini-3-flash,7,7,1.0
jubilant,gpt-5,1,1,1.0
jubilant,gpt-5-mini,1,1,1.0
judging,claude-opus-4-5,1,1,1.0
judging,gemini-3-flash,7,6,0.8571428571428571
judging,gpt-5,1,1,1.0
judging,gpt-5-mini,1,1,1.0
judgmental,claude-opus-4-5,1,1,1.0
judgmental,gemini-3-flash,7,7,1.0
judgmental,gpt-5,1,1,1.0
judgmental,gpt-5-mini,1,1,1.0
jumpy,claude-opus-4-5,2,1,0.5
jumpy,gemini-3-flash,8,2,0.25
jumpy,gpt-5,2,1,0.5
jumpy,gpt-5-mini,2,1,0.5
keen,claude-opus-4-5,1,0,0.0
keen,gemini-3-flash,7,6,0.8571428571428571
keen,gpt-5,1,0,0.0
keen,gpt-5-mini,1,1,1.0
kind,gemini-3-flash,6,5,0.8333333333333334
knowing,gemini-3-flash,6,6,1.0
liked,claude-opus-4-5,2,2,1.0
liked,gemini-3-flash,7,6,0.8571428571428571
liked,gpt-5,2,2,1.0
liked,gpt-5-mini,2,2,1.0
liking,claude-opus-4-5,2,2,1.0
liking,gemini-3-flash,8,4,0.5
liking,gpt-5,2,2,1.0
liking,gpt-5-mini,2,2,1.0
listening,claude-opus-4-5,1,0,0.0
listening,gemini-3-flash,7,3,0.42857142857142855
listening,gpt-5,1,0,0.0
listening,gpt-5-mini,1,1,1.0
listless,claude-opus-4-5,1,1,1.0
listless,gemini-3-flash,7,7,1.0
listless,gpt-5,1,1,1.0
listless,gpt-5-mini,1,1,1.0
lively,claude-opus-4-5,1,1,1.0
lively,gemini-3-flash,7,7,1.0
lively,gpt-5,1,1,1.0
lively,gpt-5-mini,1,1,1.0
lonely,claude-opus-4-5,1,1,1.0
lonely,gemini-3-flash,7,6,0.8571428571428571
lonely,gpt-5,1,1,1.0
lonely,gpt-5-mini,1,1,1.0
lost,gemini-3-flash,6,6,1.0
loving,claude-opus-4-5,1,0,0.0
loving,gemini-3-flash,7,7,1.0
loving,gpt-5,1,1,1.0
loving,gpt-5-mini,1,1,1.0
lucky,claude-opus-4-5,1,1,1.0
lucky,gemini-3-flash,7,6,0.8571428571428571
lucky,gpt-5,1,1,1.0
lucky,gpt-5-mini,1,1,1.0
lured,claude-opus-4-5,1,0,0.0
lured,gemini-3-flash,6,1,0.16666666666666666
lured,gpt-5,1,0,0.0
lured,gpt-5-mini,1,0,0.0
luring,claude-opus-4-5,2,2,1.0
luring,gemini-3-flash,8,8,1.0
luring,gpt-5,2,2,1.0
luring,gpt-5-mini,2,2,1.0
lying,claude-opus-4-5,2,0,0.0
lying,gemini-3-flash,8,5,0.625
lying,gpt-5,2,0,0.0
lying,gpt-5-mini,2,0,0.0
maudlin,claude-opus-4-5,1,1,1.0
maudlin,gemini-3-flash,7,6,0.8571428571428571
maudlin,gpt-5,1,1,1.0
maudlin,gpt-5-mini,1,0,0.0
mean,claude-opus-4-5,1,1,1.0
mean,gemini-3-flash,7,7,1.0
mean,gpt-5,1,1,1.0
mean,gpt-5-mini,1,1,1.0
merry,gemini-3-flash,6,6,1.0
miffed,claude-opus-4-5,2,2,1.0
miffed,gemini-3-flash,8,7,0.875
miffed,gpt-5,2,2,1.0
miffed,gpt-5-mini,2,2,1.0
mischievous,claude-opus-4-5,2,2,1.0
mischievous,gemini-3-flash,8,8,1.0
mischievous,gpt-5,2,2,1.0
mischievous,gpt-5-mini,2,2,1.0
moaning,claude-opus-4-5,2,1,0.5
moaning,gemini-3-flash,8,3,0.375
moaning,gpt-5,2,1,0.5
moaning,gpt-5-mini,2,1,0.5
modest,claude-opus-4-5,2,1,0.5
modest,gemini-3-flash,8,7,0.875
modest,gpt-5,2,2,1.0
modest,gpt-5-mini,2,2,1.0
moody,claude-opus-4-5,1,1,1.0
moody,gemini-3-flash,7,6,0.8571428571428571
moody,gpt-5,1,1,1.0
moody,gpt-5-mini,1,1,1.0
mortified,claude-opus-4-5,2,1,0.5
mortified,gemini-3-flash,8,5,0.625
mortified,gpt-5,2,2,1.0
mortified,gpt-5-mini,2,1,0.5
mysterious,claude-opus-4-5,2,0,0.0
mysterious,gemini-3-flash,8,4,0.5
mysterious,gpt-5,2,0,0.0
mysterious,gpt-5-mini,2,0,0.0
mystified,claude-opus-4-5,1,1,1.0
mystified,gemini-3-flash,7,6,0.8571428571428571
mystified,gpt-5,1,0,0.0
mystified,gpt-5-mini,1,1,1.0
needed,claude-opus-4-5,2,0,0.0
needed,gemini-3-flash,8,4,0.5
needed,gpt-5,2,1,0.5
needed,gpt-5-mini,2,0,0.0
needled,claude-opus-4-5,1,0,0.0
needled,gemini-3-flash,7,5,0.7142857142857143
needled,gpt-5,1,1,1.0
needled,gpt-5-mini,1,0,0.0
needy,claude-opus-4-5,1,1,1.0
needy,gemini-3-flash,7,4,0.5714285714285714
needy,gpt-5,1,1,1.0
needy,gpt-5-mini,1,1,1.0
neglected,claude-opus-4-5,1,1,1.0
neglected,gemini-3-flash,7,6,0.8571428571428571
neglected,gpt-5,1,1,1.0
neglected,gpt-5-mini,1,1,1.0
nervous,claude-opus-4-5,1,1,1.0
nervous,gemini-3-flash,7,4,0.5714285714285714
nervous,gpt-5,1,1,1.0
nervous,gpt-5-mini,1,1,1.0
nostalgic,claude-opus-4-5,1,0,0.0
nostalgic,gemini-3-flash,6,5,0.8333333333333334
nostalgic,gpt-5,1,1,1.0
nostalgic,gpt-5-mini,1,1,1.0
offended,claude-opus-4-5,2,0,0.0
offended,gemini-3-flash,8,4,0.5
offended,gpt-5,2,1,0.5
offended,gpt-5-mini,2,2,1.0
oppressive,claude-opus-4-5,1,0,0.0
oppressive,gemini-3-flash,7,4,0.5714285714285714
oppressive,gpt-5,1,0,0.0
oppressive,gpt-5-mini,1,0,0.0
overcome,claude-opus-4-5,2,1,0.5
overcome,gemini-3-flash,8,8,1.0
overcome,gpt-5,2,2,1.0
overcome,gpt-5-mini,2,2,1.0
overjoyed,claude-opus-4-5,1,0,0.0
overjoyed,gemini-3-flash,7,7,1.0
overjoyed,gpt-5,1,0,0.0
overjoyed,gpt-5-mini,1,1,1.0
overwrought,claude-opus-4-5,2,1,0.5
overwrought,gemini-3-flash,7,6,0.8571428571428571
overwrought,gpt-5,2,2,1.0
overwrought,gpt-5-mini,2,2,1.0
panicked,claude-opus-4-5,1,0,0.0
panicked,gemini-3-flash,7,5,0.7142857142857143
panicked,gpt-5,1,1,1.0
panicked,gpt-5-mini,1,1,1.0
passionate,claude-opus-4-5,2,0,0.0
passionate,gemini-3-flash,8,5,0.625
passionate,gpt-5,2,0,0.0
passionate,gpt-5-mini,2,0,0.0
passive,claude-opus-4-5,2,2,1.0
passive,gemini-3-flash,8,4,0.5
passive,gpt-5,2,2,1.0
passive,gpt-5-mini,2,2,1.0
patient,claude-opus-4-5,1,1,1.0
patient,gemini-3-flash,7,7,1.0
patient,gpt-5,1,1,1.0
patient,gpt-5-mini,1,1,1.0
patronised,claude-opus-4-5,2,0,0.0
patronised,gemini-3-flash,14,9,0.6428571428571429
patronised,gpt-5,2,1,0.5
patronised,gpt-5-mini,2,1,0.5
persuaded,claude-opus-4-5,1,1,1.0
persuaded,gemini-3-flash,7,6,0.8571428571428571
persuaded,gpt-5,1,1,1.0
persuaded,gpt-5-mini,1,0,0.0
pestered,gemini-3-flash,6,6,1.0
pining,claude-opus-4-5,2,1,0.5
pining,gemini-3-flash,8,6,0.75
pining,gpt-5,2,2,1.0
pining,gpt-5-mini,2,2,1.0
pitiless,gemini-3-flash,6,6,1.0
pitying,claude-opus-4-5,1,1,1.0
pitying,gemini-3-flash,7,6,0.8571428571428571
pitying,gpt-5,1,1,1.0
pitying,gpt-5-mini,1,1,1.0
playful,claude-opus-4-5,2,2,1.0
playful,gemini-3-flash,8,7,0.875
playful,gpt-5,2,2,1.0
playful,gpt-5-mini,2,2,1.0
pleasure,claude-opus-4-5,1,1,1.0
pleasure,gemini-3-flash,7,6,0.8571428571428571
pleasure,gpt-5,1,1,1.0
pleasure,gpt-5-mini,1,1,1.0
polite,claude-opus-4-5,2,1,0.5
polite,gemini-3-flash,8,7,0.875
polite,gpt-5,2,2,1.0
polite,gpt-5-mini,2,2,1.0
positive,claude-opus-4-5,2,2,1.0
positive,gemini-3-flash,8,8,1.0
positive,gpt-5,2,2,1.0
positive,gpt-5-mini,2,2,1.0
praised,claude-opus-4-5,1,1,1.0
praised,gemini-3-flash,7,7,1.0
praised,gpt-5,1,1,1.0
praised,gpt-5-mini,1,1,1.0
prepared,claude-opus-4-5,2,1,0.5
prepared,gemini-3-flash,8,8,1.0
prepared,gpt-5,2,1,0.5
prepared,gpt-5-mini,2,1,0.5
proud,claude-opus-4-5,2,1,0.5
proud,gemini-3-flash,8,7,0.875
proud,gpt-5,2,2,1.0
proud,gpt-5-mini,2,2,1.0
provoked,claude-opus-4-5,2,1,0.5
provoked,gemini-3-flash,8,4,0.5
provoked,gpt-5,2,1,0.5
provoked,gpt-5-mini,2,0,0.0
pushy,claude-opus-4-5,2,0,0.0
pushy,gemini-3-flash,8,7,0.875
pushy,gpt-5,2,1,0.5
pushy,gpt-5-mini,2,1,0.5
puzzled,claude-opus-4-5,1,0,0.0
puzzled,gemini-3-flash,7,6,0.8571428571428571
puzzled,gpt-5,1,1,1.0
puzzled,gpt-5-mini,1,1,1.0
questioning,claude-opus-4-5,2,2,1.0
questioning,gemini-3-flash,7,7,1.0
questioning,gpt-5,2,2,1.0
questioning,gpt-5-mini,2,2,1.0
reassured,claude-opus-4-5,2,2,1.0
reassured,gemini-3-flash,8,6,0.75
reassured,gpt-5,2,2,1.0
reassured,gpt-5-mini,2,2,1.0
refreshed,claude-opus-4-5,1,0,0.0
refreshed,gemini-3-flash,7,6,0.8571428571428571
refreshed,gpt-5,1,0,0.0
refreshed,gpt-5-mini,1,0,0.0
rejecting,claude-opus-4-5,1,0,0.0
rejecting,gemini-3-flash,7,7,1.0
rejecting,gpt-5,1,0,0.0
rejecting,gpt-5-mini,1,0,0.0
relaxed,claude-opus-4-5,3,3,1.0
relaxed,gemini-3-flash,9,9,1.0
relaxed,gpt-5,3,3,1.0
relaxed,gpt-5-mini,3,3,1.0
relieved,claude-opus-4-5,1,0,0.0
relieved,gemini-3-flash,7,4,0.5714285714285714
relieved,gpt-5,1,0,0.0
relieved,gpt-5-mini,1,0,0.0
reluctant,claude-opus-4-5,1,1,1.0
reluctant,gemini-3-flash,7,6,0.8571428571428571
reluctant,gpt-5,1,1,1.0
reluctant,gpt-5-mini,1,1,1.0
remote,claude-opus-4-5,2,1,0.5
remote,gemini-3-flash,8,7,0.875
remote,gpt-5,2,1,0.5
remote,gpt-5-mini,2,1,0.5
resentful,claude-opus-4-5,1,0,0.0
resentful,gemini-3-flash,7,7,1.0
resentful,gpt-5,1,1,1.0
resentful,gpt-5-mini,1,1,1.0
resigned,claude-opus-4-5,1,0,0.0
resigned,gemini-3-flash,7,7,1.0
resigned,gpt-5,1,0,0.0
resigned,gpt-5-mini,1,1,1.0
respectful,claude-opus-4-5,1,1,1.0
respectful,gemini-3-flash,7,6,0.8571428571428571
respectful,gpt-5,1,1,1.0
respectful,gpt-5-mini,1,0,0.0
responsible,claude-opus-4-5,1,0,0.0
responsible,gemini-3-flash,7,6,0.8571428571428571
responsible,gpt-5,1,0,0.0
responsible,gpt-5-mini,1,0,0.0
restless,gemini-3-flash,6,6,1.0
revulsion,claude-opus-4-5,2,1,0.5
revulsion,gemini-3-flash,8,8,1.0
revulsion,gpt-5,2,2,1.0
revulsion,gpt-5-mini,2,2,1.0
rewarded,claude-opus-4-5,2,2,1.0
rewarded,gemini-3-flash,8,7,0.875
rewarded,gpt-5,2,2,1.0
rewarded,gpt-5-mini,2,2,1.0
romantic,gemini-3-flash,6,6,1.0
rude,claude-opus-4-5,1,1,1.0
rude,gemini-3-flash,7,6,0.8571428571428571
rude,gpt-5,1,1,1.0
rude,gpt-5-mini,1,1,1.0
ruffled,claude-opus-4-5,1,1,1.0
ruffled,gemini-3-flash,7,5,0.7142857142857143
ruffled,gpt-5,1,1,1.0
ruffled,gpt-5-mini,1,1,1.0
sad,claude-opus-4-5,2,2,1.0
sad,gemini-3-flash,8,8,1.0
sad,gpt-5,2,2,1.0
sad,gpt-5-mini,2,2,1.0
sadistic,claude-opus-4-5,1,0,0.0
sadistic,gemini-3-flash,7,6,0.8571428571428571
sadistic,gpt-5,1,0,0.0
sadistic,gpt-5-mini,1,0,0.0
safe,claude-opus-4-5,1,1,1.0
safe,gemini-3-flash,7,3,0.42857142857142855
safe,gpt-5,1,1,1.0
safe,gpt-5-mini,1,0,0.0
sang-froid,claude-opus-4-5,2,2,1.0
sang-froid,gemini-3-flash,8,8,1.0
sang-froid,gpt-5,2,1,0.5
sang-froid,gpt-5-mini,2,1,0.5
sarcastic,claude-opus-4-5,1,0,0.0
sarcastic,gemini-3-flash,7,6,0.8571428571428571
sarcastic,gpt-5,1,1,1.0
sarcastic,gpt-5-mini,1,0,0.0
scandalised,claude-opus-4-5,1,0,0.0
scandalised,gemini-3-flash,11,9,0.8181818181818182
scandalised,gpt-5,1,0,0.0
scandalised,gpt-5-mini,1,0,0.0
scolding,claude-opus-4-5,3,2,0.6666666666666666
scolding,gemini-3-flash,9,7,0.7777777777777778
scolding,gpt-5,3,1,0.3333333333333333
scolding,gpt-5-mini,3,2,0.6666666666666666
scorned,claude-opus-4-5,2,0,0.0
scorned,gemini-3-flash,8,1,0.125
scorned,gpt-5,2,0,0.0
scorned,gpt-5-mini,2,0,0.0
seduced,claude-opus-4-5,1,0,0.0
seduced,gemini-3-flash,6,3,0.5
seduced,gpt-5,1,1,1.0
seduced,gpt-5-mini,1,1,1.0
seductive,claude-opus-4-5,3,2,0.6666666666666666
seductive,gemini-3-flash,9,9,1.0
seductive,gpt-5,3,2,0.6666666666666666
seductive,gpt-5-mini,3,3,1.0
self-conscious,claude-opus-4-5,1,1,1.0
self-conscious,gemini-3-flash,7,7,1.0
self-conscious,gpt-5,1,1,1.0
self-conscious,gpt-5-mini,1,1,1.0
self-deprecating,gemini-3-flash,5,5,1.0
selfish,claude-opus-4-5,1,0,0.0
selfish,gemini-3-flash,7,5,0.7142857142857143
selfish,gpt-5,1,0,0.0
selfish,gpt-5-mini,1,0,0.0
sentimental,claude-opus-4-5,1,1,1.0
sentimental,gemini-3-flash,7,7,1.0
sentimental,gpt-5,1,1,1.0
sentimental,gpt-5-mini,1,0,0.0
serious,claude-opus-4-5,2,2,1.0
serious,gemini-3-flash,8,7,0.875
serious,gpt-5,2,2,1.0
serious,gpt-5-mini,2,1,0.5
shaken,claude-opus-4-5,2,2,1.0
shaken,gemini-3-flash,8,7,0.875
shaken,gpt-5,2,2,1.0
shaken,gpt-5-mini,2,2,1.0
shocked,claude-opus-4-5,1,1,1.0
shocked,gemini-3-flash,7,7,1.0
shocked,gpt-5,1,1,1.0
shocked,gpt-5-mini,1,1,1.0
shy,claude-opus-4-5,2,1,0.5
shy,gemini-3-flash,8,5,0.625
shy,gpt-5,2,1,0.5
shy,gpt-5-mini,2,1,0.5
silly,claude-opus-4-5,2,1,0.5
silly,gemini-3-flash,8,2,0.25
silly,gpt-5,2,1,0.5
silly,gpt-5-mini,2,0,0.0
smug,claude-opus-4-5,2,2,1.0
smug,gemini-3-flash,8,8,1.0
smug,gpt-5,2,2,1.0
smug,gpt-5-mini,2,2,1.0
sneaky,claude-opus-4-5,2,2,1.0
sneaky,gemini-3-flash,8,6,0.75
sneaky,gpt-5,2,2,1.0
sneaky,gpt-5-mini,2,2,1.0
so-so,claude-opus-4-5,1,1,1.0
so-so,gemini-3-flash,7,7,1.0
so-so,gpt-5,1,1,1.0
so-so,gpt-5-mini,1,1,1.0
sociable,claude-opus-4-5,2,2,1.0
sociable,gemini-3-flash,8,8,1.0
sociable,gpt-5,2,2,1.0
sociable,gpt-5-mini,2,2,1.0
soppy,claude-opus-4-5,2,1,0.5
soppy,gemini-3-flash,8,7,0.875
soppy,gpt-5,2,1,0.5
soppy,gpt-5-mini,2,1,0.5
sorry,gemini-3-flash,6,6,1.0
spellbound,claude-opus-4-5,3,2,0.6666666666666666
spellbound,gemini-3-flash,9,8,0.8888888888888888
spellbound,gpt-5,3,3,1.0
spellbound,gpt-5-mini,3,2,0.6666666666666666
spirited,claude-opus-4-5,2,1,0.5
spirited,gemini-3-flash,8,7,0.875
spirited,gpt-5,2,1,0.5
spirited,gpt-5-mini,2,1,0.5
startled,claude-opus-4-5,1,1,1.0
startled,gemini-3-flash,6,6,1.0
startled,gpt-5,1,1,1.0
startled,gpt-5-mini,1,1,1.0
stern,claude-opus-4-5,1,1,1.0
stern,gemini-3-flash,7,6,0.8571428571428571
stern,gpt-5,1,1,1.0
stern,gpt-5-mini,1,0,0.0
strong,claude-opus-4-5,1,0,0.0
strong,gemini-3-flash,7,4,0.5714285714285714
strong,gpt-5,1,1,1.0
strong,gpt-5-mini,1,0,0.0
stubborn,claude-opus-4-5,2,1,0.5
stubborn,gemini-3-flash,8,5,0.625
stubborn,gpt-5,2,1,0.5
stubborn,gpt-5-mini,2,1,0.5
subdued,claude-opus-4-5,1,1,1.0
subdued,gemini-3-flash,7,4,0.5714285714285714
subdued,gpt-5,1,1,1.0
subdued,gpt-5-mini,1,1,1.0
subservient,claude-opus-4-5,2,0,0.0
subservient,gemini-3-flash,8,4,0.5
subservient,gpt-5,2,2,1.0
subservient,gpt-5-mini,2,0,0.0
supercilious,gemini-3-flash,6,6,1.0
suppliant,claude-opus-4-5,1,1,1.0
suppliant,gemini-3-flash,7,7,1.0
suppliant,gpt-5,1,1,1.0
suppliant,gpt-5-mini,1,1,1.0
supported,claude-opus-4-5,1,1,1.0
supported,gemini-3-flash,7,6,0.8571428571428571
supported,gpt-5,1,1,1.0
supported,gpt-5-mini,1,0,0.0
sure,claude-opus-4-5,1,1,1.0
sure,gemini-3-flash,7,7,1.0
sure,gpt-5,1,1,1.0
sure,gpt-5-mini,1,1,1.0
surprised,claude-opus-4-5,1,1,1.0
surprised,gemini-3-flash,7,6,0.8571428571428571
surprised,gpt-5,1,1,1.0
surprised,gpt-5-mini,1,1,1.0
suspicious,claude-opus-4-5,2,2,1.0
suspicious,gemini-3-flash,8,7,0.875
suspicious,gpt-5,2,2,1.0
suspicious,gpt-5-mini,2,2,1.0
tearful,gemini-3-flash,6,6,1.0
teasing,claude-opus-4-5,2,2,1.0
teasing,gemini-3-flash,8,8,1.0
teasing,gpt-5,2,1,0.5
teasing,gpt-5-mini,2,1,0.5
tempted,gemini-3-flash,6,5,0.8333333333333334
tempting,claude-opus-4-5,2,2,1.0
tempting,gemini-3-flash,8,8,1.0
tempting,gpt-5,2,2,1.0
tempting,gpt-5-mini,2,2,1.0
tense,claude-opus-4-5,2,1,0.5
tense,gemini-3-flash,8,6,0.75
tense,gpt-5,2,1,0.5
tense,gpt-5-mini,2,1,0.5
terrified,claude-opus-4-5,1,0,0.0
terrified,gemini-3-flash,7,5,0.7142857142857143
terrified,gpt-5,1,0,0.0
terrified,gpt-5-mini,1,0,0.0
terrorised,claude-opus-4-5,4,2,0.5
terrorised,gemini-3-flash,16,13,0.8125
terrorised,gpt-5,4,3,0.75
terrorised,gpt-5-mini,4,1,0.25
thinking,claude-opus-4-5,1,1,1.0
thinking,gemini-3-flash,7,3,0.42857142857142855
thinking,gpt-5,1,0,0.0
thinking,gpt-5-mini,1,1,1.0
thoughtful,claude-opus-4-5,1,1,1.0
thoughtful,gemini-3-flash,7,3,0.42857142857142855
thoughtful,gpt-5,1,1,1.0
thoughtful,gpt-5-mini,1,1,1.0
threatened,claude-opus-4-5,1,0,0.0
threatened,gemini-3-flash,7,5,0.7142857142857143
threatened,gpt-5,1,0,0.0
threatened,gpt-5-mini,1,0,0.0
threatening,claude-opus-4-5,1,0,0.0
threatening,gemini-3-flash,7,4,0.5714285714285714
threatening,gpt-5,1,0,0.0
threatening,gpt-5-mini,1,0,0.0
tired,gemini-3-flash,6,4,0.6666666666666666
titillated,claude-opus-4-5,2,0,0.0
titillated,gemini-3-flash,8,5,0.625
titillated,gpt-5,2,1,0.5
titillated,gpt-5-mini,2,1,0.5
tormented,claude-opus-4-5,2,2,1.0
tormented,gemini-3-flash,8,7,0.875
tormented,gpt-5,2,2,1.0
tormented,gpt-5-mini,2,2,1.0
tortured,gemini-3-flash,6,4,0.6666666666666666
touched,claude-opus-4-5,2,1,0.5
touched,gemini-3-flash,8,8,1.0
touched,gpt-5,2,1,0.5
touched,gpt-5-mini,2,0,0.0
triumphant,gemini-3-flash,6,5,0.8333333333333334
troubled,claude-opus-4-5,2,2,1.0
troubled,gemini-3-flash,8,7,0.875
troubled,gpt-5,2,2,1.0
troubled,gpt-5-mini,2,2,1.0
trusting,claude-opus-4-5,2,1,0.5
trusting,gemini-3-flash,8,7,0.875
trusting,gpt-5,2,1,0.5
trusting,gpt-5-mini,2,1,0.5
turmoil,claude-opus-4-5,1,1,1.0
turmoil,gemini-3-flash,7,7,1.0
turmoil,gpt-5,1,1,1.0
turmoil,gpt-5-mini,1,1,1.0
unapproachable,claude-opus-4-5,1,1,1.0
unapproachable,gemini-3-flash,7,6,0.8571428571428571
unapproachable,gpt-5,1,1,1.0
unapproachable,gpt-5-mini,1,1,1.0
uncaring,claude-opus-4-5,1,0,0.0
uncaring,gemini-3-flash,7,4,0.5714285714285714
uncaring,gpt-5,1,0,0.0
uncaring,gpt-5-mini,1,0,0.0
uncomfortable,gemini-3-flash,6,3,0.5
unconcerned,claude-opus-4-5,2,2,1.0
unconcerned,gemini-3-flash,8,4,0.5
unconcerned,gpt-5,2,2,1.0
unconcerned,gpt-5-mini,2,2,1.0
undecided,claude-opus-4-5,2,1,0.5
undecided,gemini-3-flash,8,6,0.75
undecided,gpt-5,2,1,0.5
undecided,gpt-5-mini,2,1,0.5
understanding,claude-opus-4-5,1,1,1.0
understanding,gemini-3-flash,7,7,1.0
understanding,gpt-5,1,1,1.0
understanding,gpt-5-mini,1,1,1.0
uneasy,claude-opus-4-5,1,1,1.0
uneasy,gemini-3-flash,7,6,0.8571428571428571
uneasy,gpt-5,1,1,1.0
uneasy,gpt-5-mini,1,0,0.0
unenthusiastic,claude-opus-4-5,1,1,1.0
unenthusiastic,gemini-3-flash,7,5,0.7142857142857143
unenthusiastic,gpt-5,1,0,0.0
unenthusiastic,gpt-5-mini,1,0,0.0
unfocused,claude-opus-4-5,2,0,0.0
unfocused,gemini-3-flash,8,3,0.375
unfocused,gpt-5,2,2,1.0
unfocused,gpt-5-mini,2,2,1.0
unfriendly,claude-opus-4-5,2,1,0.5
unfriendly,gemini-3-flash,8,5,0.625
unfriendly,gpt-5,2,2,1.0
unfriendly,gpt-5-mini,2,2,1.0
unimpressed,claude-opus-4-5,2,2,1.0
unimpressed,gemini-3-flash,8,8,1.0
unimpressed,gpt-5,2,2,1.0
unimpressed,gpt-5-mini,2,2,1.0
unkind,gemini-3-flash,6,4,0.6666666666666666
unreceptive,claude-opus-4-5,1,1,1.0
unreceptive,gemini-3-flash,7,6,0.8571428571428571
unreceptive,gpt-5,1,1,1.0
unreceptive,gpt-5-mini,1,1,1.0
unsure,gemini-3-flash,6,5,0.8333333333333334
upset,claude-opus-4-5,1,0,0.0
upset,gemini-3-flash,7,6,0.8571428571428571
upset,gpt-5,1,1,1.0
upset,gpt-5-mini,1,1,1.0
vacant,claude-opus-4-5,3,2,0.6666666666666666
vacant,gemini-3-flash,9,7,0.7777777777777778
vacant,gpt-5,3,2,0.6666666666666666
vacant,gpt-5-mini,3,2,0.6666666666666666
vague,claude-opus-4-5,1,0,0.0
vague,gemini-3-flash,6,3,0.5
vague,gpt-5,1,1,1.0
vague,gpt-5-mini,1,1,1.0
vibrant,claude-opus-4-5,2,2,1.0
vibrant,gemini-3-flash,8,6,0.75
vibrant,gpt-5,2,1,0.5
vibrant,gpt-5-mini,2,2,1.0
vigilant,claude-opus-4-5,2,1,0.5
vigilant,gemini-3-flash,8,5,0.625
vigilant,gpt-5,2,0,0.0
vigilant,gpt-5-mini,2,1,0.5
vindictive,gemini-3-flash,6,6,1.0
violent,gemini-3-flash,6,4,0.6666666666666666
vulnerable,gemini-3-flash,6,6,1.0
wanted,claude-opus-4-5,3,1,0.3333333333333333
wanted,gemini-3-flash,9,5,0.5555555555555556
wanted,gpt-5,3,1,0.3333333333333333
wanted,gpt-5-mini,3,1,0.3333333333333333
wanting,gemini-3-flash,6,5,0.8333333333333334
warm,claude-opus-4-5,1,1,1.0
warm,gemini-3-flash,7,6,0.8571428571428571
warm,gpt-5,1,1,1.0
warm,gpt-5-mini,1,1,1.0
watchful,claude-opus-4-5,2,2,1.0
watchful,gemini-3-flash,8,6,0.75
watchful,gpt-5,2,1,0.5
watchful,gpt-5-mini,2,2,1.0
weak,claude-opus-4-5,1,0,0.0
weak,gemini-3-flash,7,3,0.42857142857142855
weak,gpt-5,1,0,0.0
weak,gpt-5-mini,1,0,0.0
welcomed,claude-opus-4-5,1,0,0.0
welcomed,gemini-3-flash,7,7,1.0
welcomed,gpt-5,1,0,0.0
welcomed,gpt-5-mini,1,1,1.0
welcoming,claude-opus-4-5,2,2,1.0
welcoming,gemini-3-flash,8,8,1.0
welcoming,gpt-5,2,2,1.0
welcoming,gpt-5-mini,2,2,1.0
wild,claude-opus-4-5,3,2,0.6666666666666666
wild,gemini-3-flash,9,6,0.6666666666666666
wild,gpt-5,3,2,0.6666666666666666
wild,gpt-5-mini,3,2,0.6666666666666666
willing,claude-opus-4-5,1,0,0.0
willing,gemini-3-flash,7,6,0.8571428571428571
willing,gpt-5,1,0,0.0
willing,gpt-5-mini,1,0,0.0
wishful,claude-opus-4-5,1,1,1.0
wishful,gemini-3-flash,6,5,0.8333333333333334
wishful,gpt-5,1,1,1.0
wishful,gpt-5-mini,1,1,1.0
withdrawn,claude-opus-4-5,1,1,1.0
withdrawn,gemini-3-flash,7,5,0.7142857142857143
withdrawn,gpt-5,1,1,1.0
withdrawn,gpt-5-mini,1,1,1.0
wonder,claude-opus-4-5,2,1,0.5
wonder,gemini-3-flash,8,8,1.0
wonder,gpt-5,2,2,1.0
wonder,gpt-5-mini,2,1,0.5
worried,claude-opus-4-5,2,1,0.5
worried,gemini-3-flash,8,6,0.75
worried,gpt-5,2,1,0.5
worried,gpt-5-mini,2,1,0.5
